FILENAME,SAMPLINGRATE,BIT,DURATION,CHANNELS,INDEX,FFT_W,MIN_FREQ,MAX_FREQ,J,LEFT_CHANNEL,RIGHT_CHANNEL
20210518_050000.WAV,48000,16,120,1,acoustic_complexity,512,1,8000,5,1394.51732858082,NA 
20210518_051000.WAV,48000,16,120,1,acoustic_complexity,512,1,8000,5,1378.75443607284,NA 
20210518_052000.WAV,48000,16,120,1,acoustic_complexity,512,1,8000,5,1371.90101035994,NA 
20210518_053000.WAV,48000,16,120,1,acoustic_complexity,512,1,8000,5,1377.24424518505,NA 
20210518_054000.WAV,48000,16,120,1,acoustic_complexity,512,1,8000,5,1357.00394072363,NA 
20210518_055000.WAV,48000,16,120,1,acoustic_complexity,512,1,8000,5,1370.39536081434,NA 
20210518_060000.WAV,48000,16,120,1,acoustic_complexity,512,1,8000,5,1400.88964320678,NA 
20210518_061000.WAV,48000,16,120,1,acoustic_complexity,512,1,8000,5,1461.05858557386,NA 
20210518_062000.WAV,48000,16,120,1,acoustic_complexity,512,1,8000,5,1458.27283590974,NA 
20210518_063000.WAV,48000,16,120,1,acoustic_complexity,512,1,8000,5,1474.96197889835,NA 
20210518_064000.WAV,48000,16,120,1,acoustic_complexity,512,1,8000,5,1463.88789034723,NA 
20210518_065000.WAV,48000,16,120,1,acoustic_complexity,512,1,8000,5,1489.81212039845,NA 
20210518_070000.WAV,48000,16,120,1,acoustic_complexity,512,1,8000,5,1495.88327382154,NA 
20210518_071000.WAV,48000,16,120,1,acoustic_complexity,512,1,8000,5,1469.1826599582,NA 
20210518_072000.WAV,48000,16,120,1,acoustic_complexity,512,1,8000,5,1349.98230147401,NA 
20210518_073000.WAV,48000,16,120,1,acoustic_complexity,512,1,8000,5,1398.5427685151,NA 
20210518_074000.WAV,48000,16,120,1,acoustic_complexity,512,1,8000,5,1439.05250383161,NA 
20210518_075000.WAV,48000,16,120,1,acoustic_complexity,512,1,8000,5,1466.68378730124,NA 
20210518_080000.WAV,48000,16,120,1,acoustic_complexity,512,1,8000,5,1418.27632023678,NA 
20210518_081000.WAV,48000,16,120,1,acoustic_complexity,512,1,8000,5,1445.58938592409,NA 
20210518_082000.WAV,48000,16,120,1,acoustic_complexity,512,1,8000,5,1421.66790802933,NA 
20210518_083000.WAV,48000,16,120,1,acoustic_complexity,512,1,8000,5,1367.89736516821,NA 
20210518_084000.WAV,48000,16,120,1,acoustic_complexity,512,1,8000,5,1406.09761257873,NA 
20210518_085000.WAV,48000,16,120,1,acoustic_complexity,512,1,8000,5,1445.51956864509,NA 
20210518_090000.WAV,48000,16,120,1,acoustic_complexity,512,1,8000,5,1393.28497253054,NA 
20210518_091000.WAV,48000,16,120,1,acoustic_complexity,512,1,8000,5,1348.45078575036,NA 
20210518_092000.WAV,48000,16,120,1,acoustic_complexity,512,1,8000,5,1412.49287875864,NA 
20210518_093000.WAV,48000,16,120,1,acoustic_complexity,512,1,8000,5,1439.1660782857,NA 
20210518_094000.WAV,48000,16,120,1,acoustic_complexity,512,1,8000,5,1340.6148365385,NA 
20210518_095000.WAV,48000,16,120,1,acoustic_complexity,512,1,8000,5,1375.56959337896,NA 
20210518_100000.WAV,48000,16,120,1,acoustic_complexity,512,1,8000,5,1335.06337341821,NA 
20210518_101000.WAV,48000,16,120,1,acoustic_complexity,512,1,8000,5,1276.98618405575,NA 
20210518_102000.WAV,48000,16,120,1,acoustic_complexity,512,1,8000,5,1364.67468728677,NA 
20210518_103000.WAV,48000,16,120,1,acoustic_complexity,512,1,8000,5,1287.19445412323,NA 
20210518_104000.WAV,48000,16,120,1,acoustic_complexity,512,1,8000,5,1372.34910466781,NA 
20210518_105000.WAV,48000,16,120,1,acoustic_complexity,512,1,8000,5,1296.6874987786,NA 
20210518_110000.WAV,48000,16,120,1,acoustic_complexity,512,1,8000,5,1277.8229973428,NA 
20210518_111000.WAV,48000,16,120,1,acoustic_complexity,512,1,8000,5,1249.44006551059,NA 
20210518_112000.WAV,48000,16,120,1,acoustic_complexity,512,1,8000,5,1279.85887361762,NA 
20210518_113000.WAV,48000,16,120,1,acoustic_complexity,512,1,8000,5,1342.49501656871,NA 
20210518_114000.WAV,48000,16,120,1,acoustic_complexity,512,1,8000,5,1377.28716066313,NA 
20210518_115000.WAV,48000,16,120,1,acoustic_complexity,512,1,8000,5,1371.45148825712,NA 
20210518_120000.WAV,48000,16,120,1,acoustic_complexity,512,1,8000,5,1317.26344041007,NA 
20210518_121000.WAV,48000,16,120,1,acoustic_complexity,512,1,8000,5,1289.6294632885,NA 
20210518_122000.WAV,48000,16,120,1,acoustic_complexity,512,1,8000,5,1239.38255408321,NA 
20210518_123000.WAV,48000,16,120,1,acoustic_complexity,512,1,8000,5,1236.39635200972,NA 
20210518_124000.WAV,48000,16,120,1,acoustic_complexity,512,1,8000,5,1253.40645288236,NA 
20210518_125000.WAV,48000,16,120,1,acoustic_complexity,512,1,8000,5,1239.12403121377,NA 
20210519_050000.WAV,48000,16,120,1,acoustic_complexity,512,1,8000,5,1392.76496409712,NA 
20210519_051000.WAV,48000,16,120,1,acoustic_complexity,512,1,8000,5,1405.9448139897,NA 
20210519_052000.WAV,48000,16,120,1,acoustic_complexity,512,1,8000,5,1412.58375314303,NA 
20210519_053000.WAV,48000,16,120,1,acoustic_complexity,512,1,8000,5,1367.081678347,NA 
20210519_054000.WAV,48000,16,120,1,acoustic_complexity,512,1,8000,5,1388.09513309745,NA 
20210519_055000.WAV,48000,16,120,1,acoustic_complexity,512,1,8000,5,1373.29777205743,NA 
20210519_060000.WAV,48000,16,120,1,acoustic_complexity,512,1,8000,5,1358.63162927218,NA 
20210519_061000.WAV,48000,16,120,1,acoustic_complexity,512,1,8000,5,1400.3648934927,NA 
20210519_062000.WAV,48000,16,120,1,acoustic_complexity,512,1,8000,5,1434.98041422702,NA 
20210519_063000.WAV,48000,16,120,1,acoustic_complexity,512,1,8000,5,1367.93186299189,NA 
20210519_064000.WAV,48000,16,120,1,acoustic_complexity,512,1,8000,5,1400.22009921097,NA 
20210519_065000.WAV,48000,16,120,1,acoustic_complexity,512,1,8000,5,1379.72444379289,NA 
20210519_070000.WAV,48000,16,120,1,acoustic_complexity,512,1,8000,5,1366.02734759478,NA 
20210519_071000.WAV,48000,16,120,1,acoustic_complexity,512,1,8000,5,1319.77268430323,NA 
20210519_072000.WAV,48000,16,120,1,acoustic_complexity,512,1,8000,5,1402.99877940618,NA 
20210519_073000.WAV,48000,16,120,1,acoustic_complexity,512,1,8000,5,1340.74372146603,NA 
20210519_074000.WAV,48000,16,120,1,acoustic_complexity,512,1,8000,5,1410.41725907913,NA 
20210519_075000.WAV,48000,16,120,1,acoustic_complexity,512,1,8000,5,1350.82431329922,NA 
20210519_080000.WAV,48000,16,120,1,acoustic_complexity,512,1,8000,5,1403.37106387507,NA 
20210519_081000.WAV,48000,16,120,1,acoustic_complexity,512,1,8000,5,1271.8567506623,NA 
20210519_082000.WAV,48000,16,120,1,acoustic_complexity,512,1,8000,5,1320.49365254961,NA 
20210519_083000.WAV,48000,16,120,1,acoustic_complexity,512,1,8000,5,1288.93944224426,NA 
20210519_084000.WAV,48000,16,120,1,acoustic_complexity,512,1,8000,5,1377.82222860281,NA 
20210519_085000.WAV,48000,16,120,1,acoustic_complexity,512,1,8000,5,1342.1718921879,NA 
20210519_090000.WAV,48000,16,120,1,acoustic_complexity,512,1,8000,5,1288.86597898687,NA 
20210519_091000.WAV,48000,16,120,1,acoustic_complexity,512,1,8000,5,1303.7210063853,NA 
20210519_092000.WAV,48000,16,120,1,acoustic_complexity,512,1,8000,5,1241.17195926347,NA 
20210519_093000.WAV,48000,16,120,1,acoustic_complexity,512,1,8000,5,1264.81345833432,NA 
20210519_094000.WAV,48000,16,120,1,acoustic_complexity,512,1,8000,5,1229.594208152,NA 
20210519_095000.WAV,48000,16,120,1,acoustic_complexity,512,1,8000,5,1301.74141836548,NA 
20210519_100000.WAV,48000,16,120,1,acoustic_complexity,512,1,8000,5,1264.65450287427,NA 
20210519_101000.WAV,48000,16,120,1,acoustic_complexity,512,1,8000,5,1238.05681181778,NA 
20210519_102000.WAV,48000,16,120,1,acoustic_complexity,512,1,8000,5,1293.74611148315,NA 
20210519_103000.WAV,48000,16,120,1,acoustic_complexity,512,1,8000,5,1243.88409369457,NA 
20210519_104000.WAV,48000,16,120,1,acoustic_complexity,512,1,8000,5,1241.83682489904,NA 
20210519_105000.WAV,48000,16,120,1,acoustic_complexity,512,1,8000,5,1307.65059031317,NA 
20210519_110000.WAV,48000,16,120,1,acoustic_complexity,512,1,8000,5,1300.30286201839,NA 
20210519_111000.WAV,48000,16,120,1,acoustic_complexity,512,1,8000,5,1261.93990906403,NA 
20210519_112000.WAV,48000,16,120,1,acoustic_complexity,512,1,8000,5,1244.08057991259,NA 
20210519_113000.WAV,48000,16,120,1,acoustic_complexity,512,1,8000,5,1249.90960294838,NA 
20210519_114000.WAV,48000,16,120,1,acoustic_complexity,512,1,8000,5,1240.16718320504,NA 
20210519_115000.WAV,48000,16,120,1,acoustic_complexity,512,1,8000,5,1230.35918355158,NA 
20210519_120000.WAV,48000,16,120,1,acoustic_complexity,512,1,8000,5,1301.49044466056,NA 
20210519_121000.WAV,48000,16,120,1,acoustic_complexity,512,1,8000,5,1267.74338840425,NA 
20210519_122000.WAV,48000,16,120,1,acoustic_complexity,512,1,8000,5,1391.87715463879,NA 
20210519_123000.WAV,48000,16,120,1,acoustic_complexity,512,1,8000,5,1307.36237262242,NA 
20210519_124000.WAV,48000,16,120,1,acoustic_complexity,512,1,8000,5,1273.84523361754,NA 
20210519_125000.WAV,48000,16,120,1,acoustic_complexity,512,1,8000,5,1241.33179971716,NA 
20210520_050000.WAV,48000,16,120,1,acoustic_complexity,512,1,8000,5,1346.14012988621,NA 
20210520_051000.WAV,48000,16,120,1,acoustic_complexity,512,1,8000,5,1292.19427243831,NA 
20210520_052000.WAV,48000,16,120,1,acoustic_complexity,512,1,8000,5,1299.44353239429,NA 
20210520_053000.WAV,48000,16,120,1,acoustic_complexity,512,1,8000,5,1289.89216685939,NA 
20210520_054000.WAV,48000,16,120,1,acoustic_complexity,512,1,8000,5,1308.10135081177,NA 
20210520_055000.WAV,48000,16,120,1,acoustic_complexity,512,1,8000,5,1330.75315752946,NA 
20210520_060000.WAV,48000,16,120,1,acoustic_complexity,512,1,8000,5,1379.21986130282,NA 
20210520_061000.WAV,48000,16,120,1,acoustic_complexity,512,1,8000,5,1394.23155591668,NA 
20210520_062000.WAV,48000,16,120,1,acoustic_complexity,512,1,8000,5,1464.73295470465,NA 
20210520_063000.WAV,48000,16,120,1,acoustic_complexity,512,1,8000,5,1373.15338050936,NA 
20210520_064000.WAV,48000,16,120,1,acoustic_complexity,512,1,8000,5,1358.89991392203,NA 
20210520_065000.WAV,48000,16,120,1,acoustic_complexity,512,1,8000,5,1404.24889250428,NA 
20210520_070000.WAV,48000,16,120,1,acoustic_complexity,512,1,8000,5,1281.21879330445,NA 
20210520_071000.WAV,48000,16,120,1,acoustic_complexity,512,1,8000,5,1313.4054004296,NA 
20210520_072000.WAV,48000,16,120,1,acoustic_complexity,512,1,8000,5,1387.8559706807,NA 
20210520_073000.WAV,48000,16,120,1,acoustic_complexity,512,1,8000,5,1296.14321535967,NA 
20210520_074000.WAV,48000,16,120,1,acoustic_complexity,512,1,8000,5,1345.37004300469,NA 
20210520_075000.WAV,48000,16,120,1,acoustic_complexity,512,1,8000,5,1307.29269850909,NA 
20210520_080000.WAV,48000,16,120,1,acoustic_complexity,512,1,8000,5,1331.11066174495,NA 
20210520_081000.WAV,48000,16,120,1,acoustic_complexity,512,1,8000,5,1285.9618507815,NA 
20210520_082000.WAV,48000,16,120,1,acoustic_complexity,512,1,8000,5,1341.55289758519,NA 
20210520_083000.WAV,48000,16,120,1,acoustic_complexity,512,1,8000,5,1370.79708311472,NA 
20210520_084000.WAV,48000,16,120,1,acoustic_complexity,512,1,8000,5,1406.29944532713,NA 
20210520_085000.WAV,48000,16,120,1,acoustic_complexity,512,1,8000,5,1380.57828049239,NA 
20210520_090000.WAV,48000,16,120,1,acoustic_complexity,512,1,8000,5,1368.82380459119,NA 
20210520_091000.WAV,48000,16,120,1,acoustic_complexity,512,1,8000,5,1392.40457640922,NA 
20210520_092000.WAV,48000,16,120,1,acoustic_complexity,512,1,8000,5,1386.31058222805,NA 
20210520_093000.WAV,48000,16,120,1,acoustic_complexity,512,1,8000,5,1415.43026771392,NA 
20210520_094000.WAV,48000,16,120,1,acoustic_complexity,512,1,8000,5,1359.96862508592,NA 
20210520_095000.WAV,48000,16,120,1,acoustic_complexity,512,1,8000,5,1403.23373148175,NA 
20210520_100000.WAV,48000,16,120,1,acoustic_complexity,512,1,8000,5,1318.27968966447,NA 
20210520_101000.WAV,48000,16,120,1,acoustic_complexity,512,1,8000,5,1345.63037787116,NA 
20210520_102000.WAV,48000,16,120,1,acoustic_complexity,512,1,8000,5,1257.81864239241,NA 
20210520_103000.WAV,48000,16,120,1,acoustic_complexity,512,1,8000,5,1278.00852101971,NA 
20210520_104000.WAV,48000,16,120,1,acoustic_complexity,512,1,8000,5,1266.05180497561,NA 
20210520_105000.WAV,48000,16,120,1,acoustic_complexity,512,1,8000,5,1252.23282301258,NA 
20210520_110000.WAV,48000,16,120,1,acoustic_complexity,512,1,8000,5,1303.31792402026,NA 
20210520_111000.WAV,48000,16,120,1,acoustic_complexity,512,1,8000,5,1284.24311540291,NA 
20210520_112000.WAV,48000,16,120,1,acoustic_complexity,512,1,8000,5,1228.16188580091,NA 
20210520_113000.WAV,48000,16,120,1,acoustic_complexity,512,1,8000,5,1265.53613795449,NA 
20210520_114000.WAV,48000,16,120,1,acoustic_complexity,512,1,8000,5,1253.42771715133,NA 
20210520_115000.WAV,48000,16,120,1,acoustic_complexity,512,1,8000,5,1240.3722907444,NA 
20210520_120000.WAV,48000,16,120,1,acoustic_complexity,512,1,8000,5,1241.82195123569,NA 
20210520_121000.WAV,48000,16,120,1,acoustic_complexity,512,1,8000,5,1232.18883828237,NA 
20210520_122000.WAV,48000,16,120,1,acoustic_complexity,512,1,8000,5,1268.95645788748,NA 
20210520_123000.WAV,48000,16,120,1,acoustic_complexity,512,1,8000,5,1346.70478862621,NA 
20210520_124000.WAV,48000,16,120,1,acoustic_complexity,512,1,8000,5,1339.85483890793,NA 
20210520_125000.WAV,48000,16,120,1,acoustic_complexity,512,1,8000,5,1265.56511588466,NA 
20210521_050000.WAV,48000,16,120,1,acoustic_complexity,512,1,8000,5,1301.65357057316,NA 
20210521_051000.WAV,48000,16,120,1,acoustic_complexity,512,1,8000,5,1295.50620734142,NA 
20210521_052000.WAV,48000,16,120,1,acoustic_complexity,512,1,8000,5,1280.50005539885,NA 
20210521_053000.WAV,48000,16,120,1,acoustic_complexity,512,1,8000,5,1285.39247362795,NA 
20210521_054000.WAV,48000,16,120,1,acoustic_complexity,512,1,8000,5,1296.71607080588,NA 
20210521_055000.WAV,48000,16,120,1,acoustic_complexity,512,1,8000,5,1256.43042949069,NA 
20210521_060000.WAV,48000,16,120,1,acoustic_complexity,512,1,8000,5,1280.25746177299,NA 
20210521_061000.WAV,48000,16,120,1,acoustic_complexity,512,1,8000,5,1283.24933324335,NA 
20210521_062000.WAV,48000,16,120,1,acoustic_complexity,512,1,8000,5,1323.96034014602,NA 
20210521_063000.WAV,48000,16,120,1,acoustic_complexity,512,1,8000,5,1274.49057652092,NA 
20210521_064000.WAV,48000,16,120,1,acoustic_complexity,512,1,8000,5,1264.50080649298,NA 
20210521_065000.WAV,48000,16,120,1,acoustic_complexity,512,1,8000,5,1377.39648439028,NA 
20210521_070000.WAV,48000,16,120,1,acoustic_complexity,512,1,8000,5,1262.54017332712,NA 
20210521_071000.WAV,48000,16,120,1,acoustic_complexity,512,1,8000,5,1278.99335033741,NA 
20210521_072000.WAV,48000,16,120,1,acoustic_complexity,512,1,8000,5,1281.01453643406,NA 
20210521_073000.WAV,48000,16,120,1,acoustic_complexity,512,1,8000,5,1279.81891076556,NA 
20210521_074000.WAV,48000,16,120,1,acoustic_complexity,512,1,8000,5,1279.04997007484,NA 
20210521_075000.WAV,48000,16,120,1,acoustic_complexity,512,1,8000,5,1302.73495480236,NA 
20210521_080000.WAV,48000,16,120,1,acoustic_complexity,512,1,8000,5,1275.17061977015,NA 
20210521_081000.WAV,48000,16,120,1,acoustic_complexity,512,1,8000,5,1290.91700449798,NA 
20210521_082000.WAV,48000,16,120,1,acoustic_complexity,512,1,8000,5,1275.84950509909,NA 
20210521_083000.WAV,48000,16,120,1,acoustic_complexity,512,1,8000,5,1263.29550213686,NA 
20210521_084000.WAV,48000,16,120,1,acoustic_complexity,512,1,8000,5,1284.58846892937,NA 
20210521_085000.WAV,48000,16,120,1,acoustic_complexity,512,1,8000,5,1270.16093005854,NA 
20210521_090000.WAV,48000,16,120,1,acoustic_complexity,512,1,8000,5,1248.6617932721,NA 
20210521_091000.WAV,48000,16,120,1,acoustic_complexity,512,1,8000,5,1294.35589004796,NA 
20210521_092000.WAV,48000,16,120,1,acoustic_complexity,512,1,8000,5,1278.06790225119,NA 
20210521_093000.WAV,48000,16,120,1,acoustic_complexity,512,1,8000,5,1298.99379686805,NA 
20210521_094000.WAV,48000,16,120,1,acoustic_complexity,512,1,8000,5,1243.32289158242,NA 
20210521_095000.WAV,48000,16,120,1,acoustic_complexity,512,1,8000,5,1304.13955242995,NA 
20210521_100000.WAV,48000,16,120,1,acoustic_complexity,512,1,8000,5,1272.13284645251,NA 
20210521_101000.WAV,48000,16,120,1,acoustic_complexity,512,1,8000,5,1287.23633705282,NA 
20210521_102000.WAV,48000,16,120,1,acoustic_complexity,512,1,8000,5,1252.68564164443,NA 
20210521_103000.WAV,48000,16,120,1,acoustic_complexity,512,1,8000,5,1281.70522333408,NA 
20210521_104000.WAV,48000,16,120,1,acoustic_complexity,512,1,8000,5,1312.49989901161,NA 
20210521_105000.WAV,48000,16,120,1,acoustic_complexity,512,1,8000,5,1322.83683814912,NA 
20210521_110000.WAV,48000,16,120,1,acoustic_complexity,512,1,8000,5,1276.70062471974,NA 
20210521_111000.WAV,48000,16,120,1,acoustic_complexity,512,1,8000,5,1295.96191006751,NA 
20210521_112000.WAV,48000,16,120,1,acoustic_complexity,512,1,8000,5,1239.89835402871,NA 
20210521_113000.WAV,48000,16,120,1,acoustic_complexity,512,1,8000,5,1234.91851932893,NA 
20210521_114000.WAV,48000,16,120,1,acoustic_complexity,512,1,8000,5,1227.35543779382,NA 
20210521_115000.WAV,48000,16,120,1,acoustic_complexity,512,1,8000,5,1267.83124616036,NA 
20210521_120000.WAV,48000,16,120,1,acoustic_complexity,512,1,8000,5,1261.61567654152,NA 
20210521_121000.WAV,48000,16,120,1,acoustic_complexity,512,1,8000,5,1231.41222985867,NA 
20210521_122000.WAV,48000,16,120,1,acoustic_complexity,512,1,8000,5,1245.60391428857,NA 
20210521_123000.WAV,48000,16,120,1,acoustic_complexity,512,1,8000,5,1255.26717113378,NA 
20210521_124000.WAV,48000,16,120,1,acoustic_complexity,512,1,8000,5,1231.18161274809,NA 
20210521_125000.WAV,48000,16,120,1,acoustic_complexity,512,1,8000,5,1267.87842411127,NA 
20210522_050000.WAV,48000,16,120,1,acoustic_complexity,512,1,8000,5,1290.86781164847,NA 
20210522_051000.WAV,48000,16,120,1,acoustic_complexity,512,1,8000,5,1238.77324588849,NA 
20210522_052000.WAV,48000,16,120,1,acoustic_complexity,512,1,8000,5,1232.12530039779,NA 
20210522_053000.WAV,48000,16,120,1,acoustic_complexity,512,1,8000,5,1256.44890149581,NA 
20210522_054000.WAV,48000,16,120,1,acoustic_complexity,512,1,8000,5,1235.92725215834,NA 
20210522_055000.WAV,48000,16,120,1,acoustic_complexity,512,1,8000,5,1244.43210239895,NA 
20210522_060000.WAV,48000,16,120,1,acoustic_complexity,512,1,8000,5,1342.11967810505,NA 
20210522_061000.WAV,48000,16,120,1,acoustic_complexity,512,1,8000,5,1437.37277942655,NA 
20210522_062000.WAV,48000,16,120,1,acoustic_complexity,512,1,8000,5,1301.96267660286,NA 
20210522_063000.WAV,48000,16,120,1,acoustic_complexity,512,1,8000,5,1293.84545477896,NA 
20210522_064000.WAV,48000,16,120,1,acoustic_complexity,512,1,8000,5,1458.42371150876,NA 
20210522_065000.WAV,48000,16,120,1,acoustic_complexity,512,1,8000,5,1297.53904056006,NA 
20210522_070000.WAV,48000,16,120,1,acoustic_complexity,512,1,8000,5,1329.06625740612,NA 
20210522_071000.WAV,48000,16,120,1,acoustic_complexity,512,1,8000,5,1291.0983915781,NA 
20210522_072000.WAV,48000,16,120,1,acoustic_complexity,512,1,8000,5,1372.98002663475,NA 
20210522_073000.WAV,48000,16,120,1,acoustic_complexity,512,1,8000,5,1309.61154048348,NA 
20210522_074000.WAV,48000,16,120,1,acoustic_complexity,512,1,8000,5,1284.05995933222,NA 
20210522_075000.WAV,48000,16,120,1,acoustic_complexity,512,1,8000,5,1253.86296456055,NA 
20210522_080000.WAV,48000,16,120,1,acoustic_complexity,512,1,8000,5,1274.71932503263,NA 
20210522_081000.WAV,48000,16,120,1,acoustic_complexity,512,1,8000,5,1277.75360380244,NA 
20210522_082000.WAV,48000,16,120,1,acoustic_complexity,512,1,8000,5,1267.72190839276,NA 
20210522_083000.WAV,48000,16,120,1,acoustic_complexity,512,1,8000,5,1271.24289517959,NA 
20210522_084000.WAV,48000,16,120,1,acoustic_complexity,512,1,8000,5,1235.50324238981,NA 
20210522_085000.WAV,48000,16,120,1,acoustic_complexity,512,1,8000,5,1222.88393619615,NA 
20210522_090000.WAV,48000,16,120,1,acoustic_complexity,512,1,8000,5,1240.4867635682,NA 
20210522_091000.WAV,48000,16,120,1,acoustic_complexity,512,1,8000,5,1230.53457708357,NA 
20210522_092000.WAV,48000,16,120,1,acoustic_complexity,512,1,8000,5,1295.80829116349,NA 
20210522_093000.WAV,48000,16,120,1,acoustic_complexity,512,1,8000,5,1274.01133055819,NA 
20210522_094000.WAV,48000,16,120,1,acoustic_complexity,512,1,8000,5,1239.97170825021,NA 
20210522_095000.WAV,48000,16,120,1,acoustic_complexity,512,1,8000,5,1269.21393179261,NA 
20210522_100000.WAV,48000,16,120,1,acoustic_complexity,512,1,8000,5,1270.44211842528,NA 
20210522_101000.WAV,48000,16,120,1,acoustic_complexity,512,1,8000,5,1252.82163010102,NA 
20210522_102000.WAV,48000,16,120,1,acoustic_complexity,512,1,8000,5,1252.45081476771,NA 
20210522_103000.WAV,48000,16,120,1,acoustic_complexity,512,1,8000,5,1297.32904920056,NA 
20210522_104000.WAV,48000,16,120,1,acoustic_complexity,512,1,8000,5,1254.13073041199,NA 
20210522_105000.WAV,48000,16,120,1,acoustic_complexity,512,1,8000,5,1230.74343619501,NA 
20210522_110000.WAV,48000,16,120,1,acoustic_complexity,512,1,8000,5,1310.7586918296,NA 
20210522_111000.WAV,48000,16,120,1,acoustic_complexity,512,1,8000,5,1242.17489347858,NA 
20210522_112000.WAV,48000,16,120,1,acoustic_complexity,512,1,8000,5,1230.30100741507,NA 
20210522_113000.WAV,48000,16,120,1,acoustic_complexity,512,1,8000,5,1259.14261983559,NA 
20210522_114000.WAV,48000,16,120,1,acoustic_complexity,512,1,8000,5,1470.37607346732,NA 
20210522_115000.WAV,48000,16,120,1,acoustic_complexity,512,1,8000,5,1281.99774365508,NA 
20210522_120000.WAV,48000,16,120,1,acoustic_complexity,512,1,8000,5,1269.99587274672,NA 
20210522_121000.WAV,48000,16,120,1,acoustic_complexity,512,1,8000,5,1284.37364191197,NA 
20210522_122000.WAV,48000,16,120,1,acoustic_complexity,512,1,8000,5,1264.21864697734,NA 
20210522_123000.WAV,48000,16,120,1,acoustic_complexity,512,1,8000,5,1247.14806677913,NA 
20210522_124000.WAV,48000,16,120,1,acoustic_complexity,512,1,8000,5,1238.24003136766,NA 
20210522_125000.WAV,48000,16,120,1,acoustic_complexity,512,1,8000,5,1223.93937182004,NA 
20210523_050000.WAV,48000,16,120,1,acoustic_complexity,512,1,8000,5,1283.88645135696,NA 
20210523_051000.WAV,48000,16,120,1,acoustic_complexity,512,1,8000,5,1297.49119966795,NA 
20210523_052000.WAV,48000,16,120,1,acoustic_complexity,512,1,8000,5,1249.88611362486,NA 
20210523_053000.WAV,48000,16,120,1,acoustic_complexity,512,1,8000,5,1294.1592394107,NA 
20210523_054000.WAV,48000,16,120,1,acoustic_complexity,512,1,8000,5,1263.8046899567,NA 
20210523_055000.WAV,48000,16,120,1,acoustic_complexity,512,1,8000,5,1237.75352428256,NA 
20210523_060000.WAV,48000,16,120,1,acoustic_complexity,512,1,8000,5,1354.81706160205,NA 
20210523_061000.WAV,48000,16,120,1,acoustic_complexity,512,1,8000,5,1436.97261861003,NA 
20210523_062000.WAV,48000,16,120,1,acoustic_complexity,512,1,8000,5,1524.72487062144,NA 
20210523_063000.WAV,48000,16,120,1,acoustic_complexity,512,1,8000,5,1326.95098788385,NA 
20210523_064000.WAV,48000,16,120,1,acoustic_complexity,512,1,8000,5,1547.44371470762,NA 
20210523_065000.WAV,48000,16,120,1,acoustic_complexity,512,1,8000,5,1303.55278351398,NA 
20210523_070000.WAV,48000,16,120,1,acoustic_complexity,512,1,8000,5,1246.44488058052,NA 
20210523_071000.WAV,48000,16,120,1,acoustic_complexity,512,1,8000,5,1271.26064429594,NA 
20210523_072000.WAV,48000,16,120,1,acoustic_complexity,512,1,8000,5,1258.09243982283,NA 
20210523_073000.WAV,48000,16,120,1,acoustic_complexity,512,1,8000,5,1368.14219945963,NA 
20210523_074000.WAV,48000,16,120,1,acoustic_complexity,512,1,8000,5,1282.15874594628,NA 
20210523_075000.WAV,48000,16,120,1,acoustic_complexity,512,1,8000,5,1298.86678143254,NA 
20210523_080000.WAV,48000,16,120,1,acoustic_complexity,512,1,8000,5,1275.20572799146,NA 
20210523_081000.WAV,48000,16,120,1,acoustic_complexity,512,1,8000,5,1270.82958483513,NA 
20210523_082000.WAV,48000,16,120,1,acoustic_complexity,512,1,8000,5,1260.19408355358,NA 
20210523_083000.WAV,48000,16,120,1,acoustic_complexity,512,1,8000,5,1271.44356520151,NA 
20210523_084000.WAV,48000,16,120,1,acoustic_complexity,512,1,8000,5,1246.33989949218,NA 
20210523_085000.WAV,48000,16,120,1,acoustic_complexity,512,1,8000,5,1243.20333334131,NA 
20210523_090000.WAV,48000,16,120,1,acoustic_complexity,512,1,8000,5,1264.98855183807,NA 
20210523_091000.WAV,48000,16,120,1,acoustic_complexity,512,1,8000,5,1275.32172348555,NA 
20210523_092000.WAV,48000,16,120,1,acoustic_complexity,512,1,8000,5,1249.87765368398,NA 
20210523_093000.WAV,48000,16,120,1,acoustic_complexity,512,1,8000,5,1347.11355143685,NA 
20210523_094000.WAV,48000,16,120,1,acoustic_complexity,512,1,8000,5,1251.14008093823,NA 
20210523_095000.WAV,48000,16,120,1,acoustic_complexity,512,1,8000,5,1396.34713432295,NA 
20210523_100000.WAV,48000,16,120,1,acoustic_complexity,512,1,8000,5,1302.66802246221,NA 
20210523_101000.WAV,48000,16,120,1,acoustic_complexity,512,1,8000,5,1273.38574882268,NA 
20210523_102000.WAV,48000,16,120,1,acoustic_complexity,512,1,8000,5,1254.85690361773,NA 
20210523_103000.WAV,48000,16,120,1,acoustic_complexity,512,1,8000,5,1292.63500788701,NA 
20210523_104000.WAV,48000,16,120,1,acoustic_complexity,512,1,8000,5,1319.67960584722,NA 
20210523_105000.WAV,48000,16,120,1,acoustic_complexity,512,1,8000,5,1222.34538883259,NA 
20210523_110000.WAV,48000,16,120,1,acoustic_complexity,512,1,8000,5,1277.99035883926,NA 
20210523_111000.WAV,48000,16,120,1,acoustic_complexity,512,1,8000,5,1261.11758369666,NA 
20210523_112000.WAV,48000,16,120,1,acoustic_complexity,512,1,8000,5,1278.07874168197,NA 
20210523_113000.WAV,48000,16,120,1,acoustic_complexity,512,1,8000,5,1243.54811207347,NA 
20210523_114000.WAV,48000,16,120,1,acoustic_complexity,512,1,8000,5,1271.49533461648,NA 
20210523_115000.WAV,48000,16,120,1,acoustic_complexity,512,1,8000,5,1465.98202568466,NA 
20210523_120000.WAV,48000,16,120,1,acoustic_complexity,512,1,8000,5,1304.10759638381,NA 
20210523_121000.WAV,48000,16,120,1,acoustic_complexity,512,1,8000,5,1260.36189348522,NA 
20210523_122000.WAV,48000,16,120,1,acoustic_complexity,512,1,8000,5,1288.14663807151,NA 
20210523_123000.WAV,48000,16,120,1,acoustic_complexity,512,1,8000,5,1232.09691375095,NA 
20210523_124000.WAV,48000,16,120,1,acoustic_complexity,512,1,8000,5,1226.58728468839,NA 
20210523_125000.WAV,48000,16,120,1,acoustic_complexity,512,1,8000,5,1229.30966008357,NA 
20210524_050000.WAV,48000,16,120,1,acoustic_complexity,512,1,8000,5,1385.76585327525,NA 
20210524_051000.WAV,48000,16,120,1,acoustic_complexity,512,1,8000,5,1348.16657818923,NA 
20210524_052000.WAV,48000,16,120,1,acoustic_complexity,512,1,8000,5,1339.00992609138,NA 
20210524_053000.WAV,48000,16,120,1,acoustic_complexity,512,1,8000,5,1321.40186862864,NA 
20210524_054000.WAV,48000,16,120,1,acoustic_complexity,512,1,8000,5,1302.57918597885,NA 
20210524_055000.WAV,48000,16,120,1,acoustic_complexity,512,1,8000,5,1297.17753522816,NA 
20210524_060000.WAV,48000,16,120,1,acoustic_complexity,512,1,8000,5,1326.42561344601,NA 
20210524_061000.WAV,48000,16,120,1,acoustic_complexity,512,1,8000,5,1323.47879884996,NA 
20210524_062000.WAV,48000,16,120,1,acoustic_complexity,512,1,8000,5,1389.63503358426,NA 
20210524_063000.WAV,48000,16,120,1,acoustic_complexity,512,1,8000,5,1380.64073818162,NA 
20210524_064000.WAV,48000,16,120,1,acoustic_complexity,512,1,8000,5,1399.67085006559,NA 
20210524_065000.WAV,48000,16,120,1,acoustic_complexity,512,1,8000,5,1317.14757066604,NA 
20210524_070000.WAV,48000,16,120,1,acoustic_complexity,512,1,8000,5,1327.08665802727,NA 
20210524_071000.WAV,48000,16,120,1,acoustic_complexity,512,1,8000,5,1345.58981404863,NA 
20210524_072000.WAV,48000,16,120,1,acoustic_complexity,512,1,8000,5,1340.76258133393,NA 
20210524_073000.WAV,48000,16,120,1,acoustic_complexity,512,1,8000,5,1346.15135010831,NA 
20210524_074000.WAV,48000,16,120,1,acoustic_complexity,512,1,8000,5,1319.5123350128,NA 
20210524_075000.WAV,48000,16,120,1,acoustic_complexity,512,1,8000,5,1345.19159062239,NA 
20210524_080000.WAV,48000,16,120,1,acoustic_complexity,512,1,8000,5,1335.4065191756,NA 
20210524_081000.WAV,48000,16,120,1,acoustic_complexity,512,1,8000,5,1341.15567528179,NA 
20210524_082000.WAV,48000,16,120,1,acoustic_complexity,512,1,8000,5,1330.32175706742,NA 
20210524_083000.WAV,48000,16,120,1,acoustic_complexity,512,1,8000,5,1309.87428551442,NA 
20210524_084000.WAV,48000,16,120,1,acoustic_complexity,512,1,8000,5,1339.88012877038,NA 
20210524_085000.WAV,48000,16,120,1,acoustic_complexity,512,1,8000,5,1348.08780822202,NA 
20210524_090000.WAV,48000,16,120,1,acoustic_complexity,512,1,8000,5,1279.53018768565,NA 
20210524_091000.WAV,48000,16,120,1,acoustic_complexity,512,1,8000,5,1286.52032244672,NA 
20210524_092000.WAV,48000,16,120,1,acoustic_complexity,512,1,8000,5,1294.81639885382,NA 
20210524_093000.WAV,48000,16,120,1,acoustic_complexity,512,1,8000,5,1280.31936551091,NA 
20210524_094000.WAV,48000,16,120,1,acoustic_complexity,512,1,8000,5,1296.38853678109,NA 
20210524_095000.WAV,48000,16,120,1,acoustic_complexity,512,1,8000,5,1319.95911721577,NA 
20210524_100000.WAV,48000,16,120,1,acoustic_complexity,512,1,8000,5,1263.11961064032,NA 
20210524_101000.WAV,48000,16,120,1,acoustic_complexity,512,1,8000,5,1268.63828405872,NA 
20210524_102000.WAV,48000,16,120,1,acoustic_complexity,512,1,8000,5,1266.40570114313,NA 
20210524_103000.WAV,48000,16,120,1,acoustic_complexity,512,1,8000,5,1312.13282472402,NA 
20210524_104000.WAV,48000,16,120,1,acoustic_complexity,512,1,8000,5,1246.26450547136,NA 
20210524_105000.WAV,48000,16,120,1,acoustic_complexity,512,1,8000,5,1307.85335115363,NA 
20210524_110000.WAV,48000,16,120,1,acoustic_complexity,512,1,8000,5,1235.6943000267,NA 
20210524_111000.WAV,48000,16,120,1,acoustic_complexity,512,1,8000,5,1226.66375278307,NA 
20210524_112000.WAV,48000,16,120,1,acoustic_complexity,512,1,8000,5,1234.28333062553,NA 
20210524_113000.WAV,48000,16,120,1,acoustic_complexity,512,1,8000,5,1252.69087075593,NA 
20210524_114000.WAV,48000,16,120,1,acoustic_complexity,512,1,8000,5,1269.44027075084,NA 
20210524_115000.WAV,48000,16,120,1,acoustic_complexity,512,1,8000,5,1233.74825819383,NA 
20210524_120000.WAV,48000,16,120,1,acoustic_complexity,512,1,8000,5,1222.36939038482,NA 
20210524_121000.WAV,48000,16,120,1,acoustic_complexity,512,1,8000,5,1403.58194131936,NA 
20210524_122000.WAV,48000,16,120,1,acoustic_complexity,512,1,8000,5,1281.87986188864,NA 
20210524_123000.WAV,48000,16,120,1,acoustic_complexity,512,1,8000,5,1230.21292765885,NA 
20210524_124000.WAV,48000,16,120,1,acoustic_complexity,512,1,8000,5,1238.6545318479,NA 
20210524_125000.WAV,48000,16,120,1,acoustic_complexity,512,1,8000,5,1338.7127558018,NA 
20210525_050000.WAV,48000,16,120,1,acoustic_complexity,512,1,8000,5,1420.39856821622,NA 
20210525_051000.WAV,48000,16,120,1,acoustic_complexity,512,1,8000,5,1329.30315883811,NA 
20210525_052000.WAV,48000,16,120,1,acoustic_complexity,512,1,8000,5,1327.13248135638,NA 
20210525_053000.WAV,48000,16,120,1,acoustic_complexity,512,1,8000,5,1312.97774359321,NA 
20210525_054000.WAV,48000,16,120,1,acoustic_complexity,512,1,8000,5,1300.26414485934,NA 
20210525_055000.WAV,48000,16,120,1,acoustic_complexity,512,1,8000,5,1310.35657196396,NA 
20210525_060000.WAV,48000,16,120,1,acoustic_complexity,512,1,8000,5,1386.15457275192,NA 
20210525_061000.WAV,48000,16,120,1,acoustic_complexity,512,1,8000,5,1342.44020638991,NA 
20210525_062000.WAV,48000,16,120,1,acoustic_complexity,512,1,8000,5,1455.33515706961,NA 
20210525_063000.WAV,48000,16,120,1,acoustic_complexity,512,1,8000,5,1378.7202877097,NA 
20210525_064000.WAV,48000,16,120,1,acoustic_complexity,512,1,8000,5,1375.87408149225,NA 
20210525_065000.WAV,48000,16,120,1,acoustic_complexity,512,1,8000,5,1442.25050893687,NA 
20210525_070000.WAV,48000,16,120,1,acoustic_complexity,512,1,8000,5,1344.11734908972,NA 
20210525_071000.WAV,48000,16,120,1,acoustic_complexity,512,1,8000,5,1388.8284589274,NA 
20210525_072000.WAV,48000,16,120,1,acoustic_complexity,512,1,8000,5,1398.10278772079,NA 
20210525_073000.WAV,48000,16,120,1,acoustic_complexity,512,1,8000,5,1424.06589270475,NA 
20210525_074000.WAV,48000,16,120,1,acoustic_complexity,512,1,8000,5,1371.46738709341,NA 
20210525_075000.WAV,48000,16,120,1,acoustic_complexity,512,1,8000,5,1336.57787704399,NA 
20210525_080000.WAV,48000,16,120,1,acoustic_complexity,512,1,8000,5,1339.58203890493,NA 
20210525_081000.WAV,48000,16,120,1,acoustic_complexity,512,1,8000,5,1311.60626143919,NA 
20210525_082000.WAV,48000,16,120,1,acoustic_complexity,512,1,8000,5,1309.85095574971,NA 
20210525_083000.WAV,48000,16,120,1,acoustic_complexity,512,1,8000,5,1318.98132035385,NA 
20210525_084000.WAV,48000,16,120,1,acoustic_complexity,512,1,8000,5,1319.39783916836,NA 
20210525_085000.WAV,48000,16,120,1,acoustic_complexity,512,1,8000,5,1310.40532973096,NA 
20210525_090000.WAV,48000,16,120,1,acoustic_complexity,512,1,8000,5,1306.4985607578,NA 
20210525_091000.WAV,48000,16,120,1,acoustic_complexity,512,1,8000,5,1277.20416804182,NA 
20210525_092000.WAV,48000,16,120,1,acoustic_complexity,512,1,8000,5,1289.56057446619,NA 
20210525_093000.WAV,48000,16,120,1,acoustic_complexity,512,1,8000,5,1340.34092821403,NA 
20210525_094000.WAV,48000,16,120,1,acoustic_complexity,512,1,8000,5,1300.183768751,NA 
20210525_095000.WAV,48000,16,120,1,acoustic_complexity,512,1,8000,5,1270.12014656278,NA 
20210525_100000.WAV,48000,16,120,1,acoustic_complexity,512,1,8000,5,1292.16174958032,NA 
20210525_101000.WAV,48000,16,120,1,acoustic_complexity,512,1,8000,5,1321.38714605001,NA 
20210525_102000.WAV,48000,16,120,1,acoustic_complexity,512,1,8000,5,1274.11634907635,NA 
20210525_103000.WAV,48000,16,120,1,acoustic_complexity,512,1,8000,5,1235.85226479167,NA 
20210525_104000.WAV,48000,16,120,1,acoustic_complexity,512,1,8000,5,1266.71834171399,NA 
20210525_105000.WAV,48000,16,120,1,acoustic_complexity,512,1,8000,5,1321.99796658472,NA 
20210525_110000.WAV,48000,16,120,1,acoustic_complexity,512,1,8000,5,1319.39184031726,NA 
20210525_111000.WAV,48000,16,120,1,acoustic_complexity,512,1,8000,5,1236.36994038399,NA 
20210525_112000.WAV,48000,16,120,1,acoustic_complexity,512,1,8000,5,1268.33097672515,NA 
20210525_113000.WAV,48000,16,120,1,acoustic_complexity,512,1,8000,5,1243.53676571767,NA 
20210525_114000.WAV,48000,16,120,1,acoustic_complexity,512,1,8000,5,1206.81131343849,NA 
20210525_115000.WAV,48000,16,120,1,acoustic_complexity,512,1,8000,5,1385.0780088409,NA 
20210525_120000.WAV,48000,16,120,1,acoustic_complexity,512,1,8000,5,1365.71849612906,NA 
20210525_121000.WAV,48000,16,120,1,acoustic_complexity,512,1,8000,5,1263.84788597939,NA 
20210525_122000.WAV,48000,16,120,1,acoustic_complexity,512,1,8000,5,1270.20703330179,NA 
20210525_123000.WAV,48000,16,120,1,acoustic_complexity,512,1,8000,5,1286.03529810657,NA 
20210525_124000.WAV,48000,16,120,1,acoustic_complexity,512,1,8000,5,1278.56329151697,NA 
20210525_125000.WAV,48000,16,120,1,acoustic_complexity,512,1,8000,5,1256.81452444613,NA
